timestamp,cpu_usage,memory_usage,gpu_usage,gpu_temp,frametime_ms
1759848626.8955183,10.5,29.0,38.0,53.0,
1759848627.0041728,18.3,29.0,38.0,53.0,
1759848627.1044369,17.4,29.0,38.0,53.0,
1759848627.2048583,18.9,29.0,38.0,53.0,
1759848627.3054366,19.6,29.0,38.0,53.0,
1759848627.40618,14.3,29.0,38.0,53.0,
1759848627.5064993,22.8,29.0,38.0,53.0,
1759848627.6071792,16.3,29.0,38.0,53.0,
1759848627.7078686,16.2,29.0,38.0,53.0,
1759848627.8081694,14.0,29.0,38.0,53.0,
1759848627.90857,20.8,29.0,38.0,53.0,
1759848628.0092912,15.8,29.0,38.0,53.0,
1759848628.109842,19.0,29.0,38.0,53.0,
1759848628.2104812,16.4,29.0,38.0,53.0,
1759848628.3108835,17.6,29.0,38.0,53.0,2.6312
1759848628.4112382,16.8,29.0,38.0,53.0,2.6312
1759848628.5116916,22.6,28.9,38.0,53.0,2.6312
1759848628.6123707,17.3,28.9,38.0,53.0,2.6312
1759848628.7128134,19.3,28.9,38.0,53.0,2.6312
1759848628.8130422,16.8,29.0,38.0,53.0,2.6312
1759848628.9136188,18.2,28.9,39.0,53.0,2.6312
1759848629.0141532,16.3,28.9,39.0,53.0,2.6312
1759848629.1144114,21.2,28.9,39.0,53.0,2.6312
1759848629.2150333,19.5,28.9,39.0,53.0,2.6312
1759848629.3154604,19.6,28.9,39.0,53.0,0.0987
1759848629.4158068,21.8,28.9,39.0,53.0,0.094
1759848629.516225,23.6,28.9,39.0,53.0,0.1067
1759848629.6169193,25.9,28.9,39.0,53.0,209.1773
1759848629.7172368,24.0,28.9,39.0,53.0,0.0937
1759848629.8176434,17.5,28.9,39.0,53.0,0.0958
1759848629.9181862,22.2,28.9,38.0,53.0,0.1243
1759848630.0187745,14.4,28.9,38.0,53.0,0.1243
1759848630.1194508,17.7,28.9,38.0,53.0,0.1243
1759848630.2200675,21.0,28.9,38.0,53.0,0.1243
1759848630.3204863,12.6,28.9,38.0,53.0,770.2958999999998
1759848630.4210258,18.6,28.9,38.0,53.0,770.2958999999998
1759848630.521559,18.5,28.9,38.0,53.0,770.2958999999998
1759848630.6220925,20.0,28.9,38.0,53.0,770.2958999999998
1759848630.7224257,15.8,29.0,38.0,53.0,0.0956
1759848630.823047,16.4,29.0,38.0,53.0,0.0892
1759848630.9237916,23.5,29.0,35.0,53.0,155.1392
1759848631.0241387,19.7,29.0,35.0,53.0,0.0944
1759848631.124819,15.2,29.0,35.0,53.0,0.0935
1759848631.225896,17.4,29.0,35.0,53.0,0.235
1759848631.3265152,16.2,29.0,35.0,53.0,0.235
1759848631.4268332,18.0,29.0,35.0,54.0,0.235
1759848631.5273805,15.0,28.9,35.0,54.0,0.235
1759848631.627913,21.0,28.9,35.0,54.0,0.235
1759848631.7282355,19.1,28.9,35.0,54.0,1070.283
1759848631.828614,17.0,28.9,35.0,54.0,1070.283
1759848631.928998,15.3,28.9,38.0,54.0,1070.283
1759848632.0293825,23.6,28.9,38.0,54.0,1070.283
1759848632.1300995,21.6,28.9,38.0,54.0,1070.283
1759848632.2307105,19.0,28.9,38.0,54.0,1070.283
1759848632.3313372,19.2,28.9,38.0,54.0,0.0958
1759848632.432047,20.4,28.9,38.0,54.0,0.0965
1759848632.532435,18.3,28.9,38.0,54.0,0.0927
1759848632.6331613,18.2,28.9,38.0,54.0,0.0927
1759848632.7336423,19.2,29.0,38.0,54.0,0.0927
1759848632.8342404,20.7,29.0,38.0,54.0,0.0927
1759848632.9345677,22.3,28.9,35.0,54.0,935.5146
1759848633.0348644,15.7,28.9,35.0,54.0,935.5146
1759848633.135535,13.2,28.9,35.0,54.0,935.5146
1759848633.2362478,16.3,28.9,35.0,54.0,935.5146
1759848633.3365133,19.1,28.9,35.0,54.0,935.5146
1759848633.4369402,15.4,28.9,35.0,55.0,0.0962
1759848633.5376303,15.4,28.9,35.0,55.0,0.0939
1759848633.6382082,23.4,28.9,35.0,55.0,0.0893
1759848633.738801,17.3,28.9,35.0,55.0,0.0895
1759848633.83939,17.1,29.0,35.0,55.0,0.0914
1759848633.939845,15.5,29.0,39.0,54.0,0.108
1759848634.0401144,18.9,29.0,39.0,54.0,0.108
1759848634.1406748,19.8,29.0,39.0,54.0,0.108
1759848634.2411416,14.0,29.0,39.0,54.0,0.108
1759848634.3413842,13.5,29.0,39.0,54.0,0.108
1759848634.442076,19.0,29.0,39.0,54.0,0.108
1759848634.5425274,20.0,28.9,39.0,54.0,0.108
1759848634.6433668,17.0,28.9,39.0,54.0,1480.5729
1759848634.743888,20.0,28.9,39.0,54.0,1480.5729
1759848634.844459,17.6,28.9,39.0,54.0,1480.5729
1759848634.9450965,20.4,28.9,39.0,54.0,1480.5729
1759848635.045509,12.5,28.9,39.0,54.0,1480.5729
1759848635.1457844,19.8,28.9,39.0,54.0,1480.5729
1759848635.2464435,15.5,28.9,39.0,54.0,1480.5729
1759848635.3470902,10.4,28.9,39.0,54.0,1480.5729
1759848635.447806,13.6,28.9,39.0,54.0,0.1036
1759848635.5483632,19.2,28.9,39.0,54.0,0.1316
1759848635.6486769,20.9,28.9,39.0,54.0,0.0892
1759848635.749147,14.4,28.9,39.0,54.0,0.0945
1759848635.8493931,19.3,29.0,40.0,54.0,0.0922
1759848635.9497705,17.8,29.0,40.0,54.0,0.089
1759848636.05031,18.9,29.0,40.0,54.0,0.0982
1759848636.1507914,18.2,29.0,40.0,54.0,0.1679
1759848636.251132,19.0,29.0,40.0,54.0,0.0945
1759848636.3514192,18.8,29.0,40.0,54.0,0.0945
1759848636.4516685,20.2,29.0,40.0,54.0,0.0945
1759848636.552078,19.2,28.9,40.0,54.0,570.6009
1759848636.652527,15.8,28.9,40.0,54.0,570.6009
1759848636.7528565,18.4,29.0,40.0,54.0,570.6009
1759848636.8534904,20.4,29.0,40.0,54.0,0.0986
1759848636.9543295,20.0,29.0,40.0,54.0,0.0919
1759848637.0549486,15.7,29.0,40.0,54.0,0.0919
1759848637.1553664,11.0,29.0,40.0,54.0,0.0919
1759848637.2557244,18.9,29.0,40.0,54.0,0.0919
1759848637.3561227,14.3,29.0,40.0,54.0,0.0919
1759848637.4565048,26.4,29.0,40.0,54.0,0.0919
1759848637.5571048,18.1,28.9,40.0,54.0,1204.0699
1759848637.6576872,20.2,28.9,40.0,54.0,1204.0699
1759848637.7581224,18.4,28.9,40.0,54.0,1204.0699
1759848637.859188,17.3,29.0,42.0,54.0,1204.0699
1759848637.9595942,23.6,29.0,42.0,54.0,1204.0699
1759848638.0601313,15.2,29.0,42.0,54.0,1204.0699
1759848638.1606667,20.0,29.0,42.0,54.0,0.0935
1759848638.261039,19.8,29.0,42.0,54.0,0.0823
1759848638.3613973,17.0,29.0,42.0,55.0,0.0935
1759848638.4619768,16.4,29.0,42.0,55.0,121.3022
1759848638.562452,16.5,29.0,42.0,55.0,0.1471
1759848638.6629574,20.2,28.9,42.0,55.0,0.0911
1759848638.763726,24.5,28.9,42.0,55.0,105.7268
1759848638.8644304,15.2,28.9,37.0,55.0,0.0943
1759848638.9654577,19.7,29.0,37.0,55.0,0.0955
1759848639.0661674,15.5,28.9,37.0,55.0,0.0978
1759848639.166441,11.9,28.9,37.0,55.0,0.0978
1759848639.2669802,17.1,28.9,37.0,55.0,456.2943
1759848639.367613,19.3,28.9,37.0,55.0,456.2943
1759848639.467963,14.0,28.9,37.0,55.0,0.0878
1759848639.5682387,18.6,28.9,37.0,55.0,0.0883
1759848639.6685965,22.5,29.0,37.0,55.0,91.0524
1759848639.7689571,19.2,29.0,37.0,55.0,0.1676
1759848639.8693016,18.3,29.0,37.0,55.0,0.0672
1759848639.9695508,19.0,29.0,37.0,55.0,0.1011
1759848640.0700274,18.6,29.0,37.0,55.0,0.1011
1759848640.1704974,18.9,29.0,37.0,55.0,0.1011
1759848640.270874,19.0,29.0,37.0,55.0,0.1011
1759848640.3714752,15.3,29.0,37.0,54.0,766.7600999999999
1759848640.471918,17.3,29.0,37.0,54.0,766.7600999999999
1759848640.572296,23.2,29.0,37.0,54.0,766.7600999999999
1759848640.672768,27.3,28.9,37.0,54.0,0.0935
1759848640.7730658,15.8,28.9,37.0,54.0,0.0943
1759848640.8734329,17.1,29.0,39.0,54.0,0.0867
1759848640.973838,16.8,29.0,39.0,54.0,0.1041
1759848641.0745084,16.4,29.0,39.0,54.0,0.0929
1759848641.1747446,14.3,29.0,39.0,54.0,0.0929
1759848641.2751603,19.0,29.0,39.0,54.0,0.0929
1759848641.3754947,15.3,29.0,39.0,54.0,773.8262999999998
1759848641.4760218,19.8,29.0,39.0,54.0,773.8262999999998
1759848641.5765183,21.6,29.0,39.0,54.0,773.8262999999998
1759848641.6770475,24.0,28.9,39.0,54.0,773.8262999999998
1759848641.7775998,21.2,29.0,39.0,54.0,0.0952
1759848641.8782136,13.3,29.0,37.0,54.0,0.0871
1759848641.9786427,21.0,29.0,37.0,54.0,0.0906
1759848642.0791416,18.0,29.0,37.0,54.0,0.0906
1759848642.1797256,19.0,29.0,37.0,54.0,349.4772
1759848642.2801971,15.3,29.0,37.0,54.0,349.4772
1759848642.3806963,19.4,29.0,37.0,54.0,0.0905
1759848642.481226,17.6,29.0,37.0,54.0,0.1402
1759848642.5820036,20.8,29.0,37.0,54.0,0.1059
1759848642.6827,19.6,28.9,37.0,54.0,306.181
1759848642.78344,15.5,28.9,37.0,54.0,306.181
1759848642.8837843,16.5,28.9,40.0,54.0,0.0883
1759848642.9841564,18.4,29.0,40.0,54.0,0.0941
1759848643.0846632,15.9,29.0,40.0,54.0,0.0938
1759848643.1852896,17.5,29.0,40.0,54.0,0.0938
1759848643.2857137,16.5,29.0,40.0,54.0,0.0938
1759848643.3859618,19.0,29.0,40.0,54.0,0.0938
1759848643.486264,14.3,29.0,40.0,54.0,817.9989
1759848643.5865507,19.4,29.0,40.0,54.0,817.9989
1759848643.687029,21.3,28.9,40.0,54.0,817.9989
1759848643.787373,22.4,28.9,40.0,54.0,817.9989
1759848643.8882213,20.4,29.0,39.0,54.0,0.0947
1759848643.9886713,19.2,29.0,39.0,54.0,0.0942
1759848644.0890205,22.1,29.0,39.0,54.0,0.1033
1759848644.1897757,16.5,29.0,39.0,54.0,0.1033
1759848644.2903476,18.9,29.0,39.0,54.0,0.1033
1759848644.3908825,16.0,29.0,39.0,54.0,0.1033
1759848644.491176,19.2,29.0,39.0,54.0,821.8667
1759848644.5919178,17.0,29.0,39.0,54.0,821.8667
1759848644.6924195,22.0,28.9,39.0,54.0,821.8667
1759848644.7929282,16.4,28.9,39.0,54.0,821.8667
1759848644.8935542,21.8,29.0,38.0,54.0,0.0897
1759848644.994039,15.7,29.0,38.0,54.0,0.1072
1759848645.094417,18.8,29.0,38.0,54.0,0.0971
1759848645.1948512,22.1,29.0,38.0,54.0,0.0971
1759848645.2954962,18.1,29.0,38.0,54.0,0.0971
1759848645.3960173,19.2,29.0,38.0,54.0,0.0971
1759848645.4965138,20.7,29.0,38.0,54.0,825.0476
1759848645.596889,14.1,29.0,38.0,54.0,825.0476
1759848645.697347,28.1,28.9,38.0,54.0,825.0476
1759848645.7978654,18.0,29.0,38.0,54.0,825.0476
1759848645.898495,17.7,29.0,39.0,54.0,0.1035
1759848645.9991643,12.9,29.0,39.0,54.0,0.0962
1759848646.099751,15.0,29.0,39.0,54.0,0.0922
1759848646.200315,13.1,29.0,39.0,54.0,0.0922
1759848646.3005776,17.9,29.0,39.0,54.0,0.0922
1759848646.4011977,19.6,29.0,39.0,54.0,0.0922
1759848646.5018055,20.0,29.0,39.0,54.0,0.0922
1759848646.6022384,21.6,29.0,39.0,54.0,920.7542
1759848646.7027392,23.6,28.9,39.0,54.0,920.7542
1759848646.8034008,22.1,28.9,39.0,54.0,920.7542
1759848646.90404,16.0,28.9,39.0,54.0,920.7542
1759848647.0046282,15.7,29.0,39.0,54.0,0.1054
1759848647.1052814,14.0,29.0,39.0,54.0,0.0907
1759848647.2054834,21.0,29.0,39.0,54.0,0.0902
1759848647.3057747,17.6,29.0,39.0,54.0,0.0902
1759848647.4063506,16.2,29.0,39.0,55.0,0.0902
1759848647.5067651,16.7,29.0,39.0,55.0,0.0902
1759848647.6072104,18.6,29.0,39.0,55.0,0.0902
1759848647.707505,20.0,28.9,39.0,55.0,913.786
1759848647.8081586,18.6,28.9,39.0,55.0,913.786
1759848647.9085925,15.7,28.9,39.0,55.0,913.786
1759848648.009042,20.7,28.9,39.0,55.0,913.786
1759848648.1093743,21.8,28.9,39.0,55.0,0.0937
1759848648.2099595,32.5,28.9,39.0,55.0,0.0889
1759848648.3103652,15.5,28.9,39.0,55.0,0.1494
1759848648.4108138,20.0,28.9,39.0,54.0,0.1494
1759848648.5110524,17.9,28.9,39.0,54.0,0.1494
1759848648.6115024,17.0,28.9,39.0,54.0,607.9628
1759848648.7119546,20.9,28.9,39.0,54.0,607.9628
1759848648.8124852,18.4,28.9,39.0,54.0,607.9628
1759848648.9130604,16.7,28.9,39.0,55.0,0.0902
1759848649.0133913,16.2,28.9,39.0,55.0,0.0989
1759848649.1136906,21.8,28.9,39.0,55.0,0.0955
1759848649.2141223,23.3,28.9,39.0,55.0,0.0955
1759848649.3146882,26.5,29.0,39.0,55.0,0.0955
1759848649.4150672,25.0,28.9,39.0,55.0,0.0955
1759848649.515511,17.6,28.9,39.0,55.0,722.5976
1759848649.6158977,19.0,28.9,39.0,55.0,722.5976
1759848649.716401,20.0,28.9,39.0,55.0,722.5976
1759848649.8169844,18.0,28.9,39.0,55.0,0.0899
1759848649.9175985,14.2,28.9,37.0,55.0,0.0943
1759848650.0180554,17.2,28.9,37.0,55.0,0.089
1759848650.1185448,19.4,28.9,37.0,55.0,0.089
1759848650.2189796,18.5,28.9,37.0,55.0,0.089
1759848650.3193564,14.4,28.9,37.0,55.0,0.089
1759848650.4200015,12.1,28.9,37.0,55.0,0.089
1759848650.5205252,14.4,28.9,37.0,55.0,922.1371
1759848650.6210775,14.7,28.9,37.0,55.0,922.1371
1759848650.7214546,23.9,28.9,37.0,55.0,922.1371
1759848650.8222003,19.1,28.9,37.0,55.0,922.1371
1759848650.9229474,15.5,28.9,37.0,54.0,922.1371
1759848651.0232165,16.7,28.9,37.0,54.0,0.0899
1759848651.1236353,21.7,28.9,37.0,54.0,0.0883
1759848651.224336,21.6,28.9,37.0,54.0,0.0883
1759848651.3247309,18.9,28.9,37.0,54.0,0.0883
1759848651.4252446,21.2,28.9,37.0,55.0,0.0883
1759848651.5257926,19.7,28.9,37.0,55.0,0.0883
1759848651.626347,18.2,28.9,37.0,55.0,0.0883
1759848651.7266483,19.5,28.9,37.0,55.0,1071.8652
1759848651.8271172,14.4,28.9,37.0,55.0,1071.8652
1759848651.9275908,19.0,28.9,38.0,55.0,1071.8652
1759848652.0282004,17.4,28.9,38.0,55.0,1071.8652
1759848652.1287258,22.8,28.9,38.0,55.0,1071.8652
1759848652.2293713,15.7,28.9,38.0,55.0,0.0908
1759848652.329882,21.8,28.9,38.0,55.0,0.0926
1759848652.430212,20.9,28.9,38.0,55.0,0.089
1759848652.530727,17.0,28.9,38.0,55.0,0.0908
1759848652.6311877,18.0,28.9,38.0,55.0,0.0921
1759848652.7316935,18.1,28.9,38.0,55.0,170.6084
1759848652.832222,20.0,28.9,38.0,55.0,0.0871
1759848652.932601,11.4,28.9,38.0,55.0,0.0954
1759848653.0330262,18.0,28.9,38.0,55.0,0.0898
1759848653.1336691,21.8,28.9,38.0,55.0,0.0898
1759848653.234272,16.8,28.9,38.0,55.0,0.0898
1759848653.33473,18.3,28.9,38.0,55.0,763.7016
1759848653.4353433,21.9,28.9,38.0,55.0,763.7016
1759848653.5356145,20.0,28.9,38.0,55.0,763.7016
1759848653.6362126,17.4,28.9,38.0,55.0,763.7016
1759848653.7366743,17.1,28.9,38.0,55.0,0.0957
1759848653.8372605,20.9,28.9,38.0,55.0,0.101
1759848653.9376547,17.1,28.9,39.0,55.0,0.0926
1759848654.038338,19.1,28.9,39.0,55.0,0.0934
1759848654.1392226,16.8,29.0,39.0,55.0,0.0997
1759848654.2397318,19.0,29.0,39.0,55.0,0.0911
1759848654.3402915,18.8,28.9,39.0,55.0,318.4642
1759848654.4407728,14.3,28.9,39.0,55.0,318.4642
1759848654.5414824,18.6,28.9,39.0,55.0,0.0889
1759848654.6418726,22.1,28.9,39.0,55.0,0.0935
1759848654.742549,20.5,28.9,39.0,55.0,0.091
1759848654.8431468,24.2,28.9,39.0,55.0,280.9049
1759848654.9434574,21.6,28.9,40.0,55.0,280.9049
1759848655.0440102,22.2,28.9,40.0,55.0,0.0944
1759848655.1448402,19.0,28.9,40.0,55.0,0.0893
1759848655.2451334,21.4,28.9,40.0,55.0,0.1571
1759848655.3458183,17.2,28.9,40.0,55.0,0.1571
1759848655.4464116,19.8,28.9,40.0,55.0,439.1413
1759848655.5468173,15.5,28.9,40.0,55.0,439.1413
1759848655.6473577,21.8,28.9,40.0,55.0,0.0895
1759848655.7477202,18.9,28.9,40.0,55.0,0.0902
1759848655.8479311,28.7,28.9,39.0,55.0,0.0954
1759848655.9484437,15.7,28.9,39.0,55.0,175.2195
1759848656.0490258,13.5,28.9,39.0,55.0,0.0908
1759848656.1492774,22.4,28.9,39.0,55.0,0.1027
1759848656.2498963,16.3,28.9,39.0,55.0,0.0908
1759848656.3502123,18.2,28.9,39.0,55.0,0.0908
1759848656.4506235,16.3,28.9,39.0,55.0,0.0908
1759848656.551324,18.4,28.9,39.0,55.0,755.4958
1759848656.651651,17.4,28.9,39.0,55.0,755.4958
1759848656.7522347,15.5,28.9,39.0,55.0,755.4958
1759848656.8527858,23.6,28.9,40.0,55.0,755.4958
